model,mae,rmse,wape
baseline_7d,5.4306365403304175,6.92985134290196,0.19921619694599035
ridge_fallback,5.319317258372256,6.831083982003096,0.19513258651952017
